Conv2d_0_0,Conv2d_0_1,Conv2d_0_2,Conv2d_0_3,Conv2d_0_4,Conv2d_0_5,Conv2d_0_6,Conv2d_0_7,Conv2d_0_8,Conv2d_0_9,Relu_1_0,Relu_1_1,Relu_1_2,Relu_1_3,Relu_1_4,Relu_1_5,Relu_1_6,Relu_1_7,Relu_1_8,Relu_1_9,Conv2d_2_0,Conv2d_2_1,Conv2d_2_2,Conv2d_2_3,Conv2d_2_4,Conv2d_2_5,Conv2d_2_6,Conv2d_2_7,Conv2d_2_8,Conv2d_2_9,Relu_3_0,Relu_3_1,Relu_3_2,Relu_3_3,Relu_3_4,Relu_3_5,Relu_3_6,Relu_3_7,Relu_3_8,Relu_3_9,Conv2d_4_0,Conv2d_4_1,Conv2d_4_2,Conv2d_4_3,Conv2d_4_4,Conv2d_4_5,Conv2d_4_6,Conv2d_4_7,Conv2d_4_8,Conv2d_4_9,Relu_5_0,Relu_5_1,Relu_5_2,Relu_5_3,Relu_5_4,Relu_5_5,Relu_5_6,Relu_5_7,Relu_5_8,Relu_5_9,Conv2d_6_0,Conv2d_6_1,Conv2d_6_2,Conv2d_6_3,Conv2d_6_4,Conv2d_6_5,Conv2d_6_6,Conv2d_6_7,Conv2d_6_8,Conv2d_6_9,Relu_7_0,Relu_7_1,Relu_7_2,Relu_7_3,Relu_7_4,Relu_7_5,Relu_7_6,Relu_7_7,Relu_7_8,Relu_7_9,Conv2d_8_0,Conv2d_8_1,Conv2d_8_2,Conv2d_8_3,Conv2d_8_4,Conv2d_8_5,Conv2d_8_6,Conv2d_8_7,Conv2d_8_8,Conv2d_8_9,Relu_9_0,Relu_9_1,Relu_9_2,Relu_9_3,Relu_9_4,Relu_9_5,Relu_9_6,Relu_9_7,Relu_9_8,Relu_9_9,Conv2d_10_0,Conv2d_10_1,Conv2d_10_2,Conv2d_10_3,Conv2d_10_4,Conv2d_10_5,Conv2d_10_6,Conv2d_10_7,Conv2d_10_8,Conv2d_10_9,Relu_11_0,Relu_11_1,Relu_11_2,Relu_11_3,Relu_11_4,Relu_11_5,Relu_11_6,Relu_11_7,Relu_11_8,Relu_11_9,Conv2d_12_0,Conv2d_12_1,Conv2d_12_2,Conv2d_12_3,Conv2d_12_4,Conv2d_12_5,Conv2d_12_6,Conv2d_12_7,Conv2d_12_8,Conv2d_12_9,Relu_13_0,Relu_13_1,Relu_13_2,Relu_13_3,Relu_13_4,Relu_13_5,Relu_13_6,Relu_13_7,Relu_13_8,Relu_13_9,Conv2d_14_0,Conv2d_14_1,Conv2d_14_2,Conv2d_14_3,Conv2d_14_4,Conv2d_14_5,Conv2d_14_6,Conv2d_14_7,Conv2d_14_8,Conv2d_14_9,Relu_15_0,Relu_15_1,Relu_15_2,Relu_15_3,Relu_15_4,Relu_15_5,Relu_15_6,Relu_15_7,Relu_15_8,Relu_15_9,Conv2d_16_0,Conv2d_16_1,Conv2d_16_2,Conv2d_16_3,Conv2d_16_4,Conv2d_16_5,Conv2d_16_6,Conv2d_16_7,Conv2d_16_8,Conv2d_16_9,Relu_17_0,Relu_17_1,Relu_17_2,Relu_17_3,Relu_17_4,Relu_17_5,Relu_17_6,Relu_17_7,Relu_17_8,Relu_17_9,Conv2d_18_0,Conv2d_18_1,Conv2d_18_2,Conv2d_18_3,Conv2d_18_4,Conv2d_18_5,Conv2d_18_6,Conv2d_18_7,Conv2d_18_8,Conv2d_18_9,Relu_19_0,Relu_19_1,Relu_19_2,Relu_19_3,Relu_19_4,Relu_19_5,Relu_19_6,Relu_19_7,Relu_19_8,Relu_19_9,Conv2d_20_0,Conv2d_20_1,Conv2d_20_2,Conv2d_20_3,Conv2d_20_4,Conv2d_20_5,Conv2d_20_6,Conv2d_20_7,Conv2d_20_8,Conv2d_20_9,Relu_21_0,Relu_21_1,Relu_21_2,Relu_21_3,Relu_21_4,Relu_21_5,Relu_21_6,Relu_21_7,Relu_21_8,Relu_21_9,Conv2d_22_0,Conv2d_22_1,Conv2d_22_2,Conv2d_22_3,Conv2d_22_4,Conv2d_22_5,Conv2d_22_6,Conv2d_22_7,Conv2d_22_8,Conv2d_22_9,Relu_23_0,Relu_23_1,Relu_23_2,Relu_23_3,Relu_23_4,Relu_23_5,Relu_23_6,Relu_23_7,Relu_23_8,Relu_23_9,Conv2d_24_0,Conv2d_24_1,Conv2d_24_2,Conv2d_24_3,Conv2d_24_4,Conv2d_24_5,Conv2d_24_6,Conv2d_24_7,Conv2d_24_8,Conv2d_24_9,Relu_25_0,Relu_25_1,Relu_25_2,Relu_25_3,Relu_25_4,Relu_25_5,Relu_25_6,Relu_25_7,Relu_25_8,Relu_25_9,Linear_26_0,Linear_26_1,Linear_26_2,Linear_26_3,Linear_26_4,Linear_26_5,Linear_26_6,Linear_26_7,Linear_26_8,Linear_26_9,Relu_27_0,Relu_27_1,Relu_27_2,Relu_27_3,Relu_27_4,Relu_27_5,Relu_27_6,Relu_27_7,Relu_27_8,Relu_27_9,Linear_28_0,Linear_28_1,Linear_28_2,Linear_28_3,Linear_28_4,Linear_28_5,Linear_28_6,Linear_28_7,Linear_28_8,Linear_28_9,Relu_29_0,Relu_29_1,Relu_29_2,Relu_29_3,Relu_29_4,Relu_29_5,Relu_29_6,Relu_29_7,Relu_29_8,Relu_29_9,Linear_30_0,Linear_30_1,Linear_30_2,Linear_30_3,Linear_30_4,Linear_30_5,Linear_30_6,Linear_30_7,Linear_30_8,Linear_30_9
391.00922,401.1304,340.5809,346.87698,333.6874,376.3273,352.99228,372.80038,367.569,403.73944,119.462395,128.70007,111.81614,114.15847,112.01763,118.494606,118.50079,122.3408,117.76741,129.17123,814.1789,897.4036,764.3595,787.6572,777.8313,821.5706,827.5926,854.2555,813.79706,902.7791,129.6916,138.77751,122.53835,125.618996,123.987625,129.10394,130.38411,131.9309,129.23401,138.89162,537.169,574.89795,507.45905,518.7283,509.40988,534.48065,533.04834,541.61255,534.51794,572.77795,74.69216,76.20656,72.06662,73.3805,71.586525,74.57578,73.02462,74.582825,73.717094,75.93562,380.9794,386.0941,369.33234,375.3292,366.7437,380.65982,369.4977,381.05353,371.90445,384.2176,67.75173,70.59988,65.6856,67.44568,65.34795,68.17489,65.35582,68.405945,66.99518,69.65603,240.38701,251.91702,231.30931,238.99117,231.21446,242.69608,229.5303,239.56705,238.68423,246.45056,40.765003,42.662804,39.435028,40.190075,39.176254,40.463512,38.84455,40.724346,40.515602,41.491154,139.37932,148.0941,134.7544,136.58989,132.41614,137.23888,130.91814,137.10254,139.32117,141.53148,33.294353,35.493855,33.05726,33.1802,32.646603,33.47143,32.26874,33.611652,33.516693,33.954323,92.41155,103.759026,94.267136,93.10972,91.32427,95.476036,90.670166,94.2592,95.14365,97.24646,33.388695,36.57936,33.83415,33.50166,33.551525,34.509,33.333202,34.524097,33.788868,35.25145,64.83535,72.38733,65.4073,67.1934,67.02889,70.5755,67.280846,67.6748,70.25918,70.12348,24.248377,26.246632,24.422096,24.372894,24.711693,25.471125,24.690067,25.103985,25.164013,25.276548,46.52209,52.212185,46.175404,46.78602,47.293407,49.445858,48.97755,49.000614,49.114727,49.117718,22.713797,23.98571,22.642447,22.470745,22.7462,23.594,23.389784,23.305649,23.32074,23.010923,40.285824,43.822674,40.171043,39.722286,40.290386,42.785496,44.247807,42.570076,42.009365,40.905334,21.250896,22.334875,21.002375,20.696863,20.996542,22.003845,22.661818,21.835646,21.668135,20.865595,22.012241,28.140425,28.019232,28.022266,26.994465,27.319883,30.883078,28.02461,30.275953,28.317066,7.783812,9.610892,9.46812,9.028853,9.398485,9.392433,10.316665,9.630589,10.512315,9.437537,6.515938,15.907419,17.013296,15.690143,16.628767,15.8410845,18.76055,16.464666,19.024502,16.351593,3.9336097,10.465209,10.735981,9.994489,10.768881,10.330658,11.514841,10.653612,12.8113985,10.518836,7.3475313,28.850452,32.424755,30.867762,32.486988,29.738586,34.279804,30.605696,36.894707,31.267073,3.3472383,12.443703,13.017209,12.244097,13.152603,12.87959,14.304767,12.797493,15.616365,12.802585,3.6675408,16.325718,15.9316635,14.964457,16.141733,15.2601595,17.51414,15.902408,14.199427,16.193537,3.6675408,16.325718,15.9316635,14.964457,16.141733,15.2601595,17.51414,15.902408,14.199427,16.193537,2.9421117,13.171852,14.278292,12.957473,13.881915,13.127324,14.475616,13.926949,11.870758,15.243367,2.9421117,13.171852,14.278292,12.957473,13.881915,13.127324,14.475616,13.926949,11.870758,15.243367,4.6311626,22.219429,19.846601,19.214691,23.421602,20.029133,22.991901,20.558018,17.203394,24.149342
505.34738,497.33624,415.47223,450.95053,424.80844,466.60284,424.9576,459.629,481.74966,495.2754,145.12144,151.32483,134.37354,140.30736,136.55992,143.26152,139.7095,145.16118,143.2815,150.8685,980.0004,1034.6061,921.4373,951.5329,939.72656,977.9484,966.1928,997.8476,972.69006,1033.455,158.23134,163.41643,147.64534,154.64937,150.5138,156.82597,152.48138,157.78215,157.069,163.33218,649.29016,644.0645,614.6833,635.2171,607.55286,638.9936,594.2371,628.5249,644.0641,641.0957,78.38523,78.366615,74.80855,76.79461,73.72528,77.50265,73.551506,77.08459,77.231834,77.798515,377.54047,372.04288,361.24542,369.40894,353.3065,370.03918,348.1455,371.71118,368.2969,367.61285,64.424355,66.580894,61.77076,63.89977,61.038227,64.500725,60.09436,65.03509,63.36139,65.374504,230.79866,237.00357,216.63101,225.57808,212.11206,230.71626,200.19664,232.28763,222.3533,227.85828,39.55543,41.21954,38.166332,38.830303,37.5874,39.080715,36.378323,39.86189,39.127632,39.71073,136.91339,143.52774,131.40242,132.31917,127.07285,132.61475,119.71311,137.07571,135.62172,136.00124,32.683765,34.680843,32.46919,32.367447,31.750616,32.659115,30.594238,33.250454,32.74763,32.988564,92.31765,100.61309,93.53979,91.70504,88.965904,93.0248,82.74742,94.87897,93.82863,94.14373,33.244747,36.014427,33.67798,33.043987,33.152245,34.05925,32.204975,34.480865,33.378525,34.760815,67.36414,75.44146,66.838806,66.7476,66.863335,70.38688,61.14175,71.14864,68.56521,71.46732,25.822027,27.559488,25.974218,25.761261,26.142776,26.798737,24.792328,26.794617,26.422247,26.550703,51.39973,55.3568,50.976772,50.662907,51.499916,53.505695,47.11955,54.273254,52.0986,52.315517,24.039778,25.014156,24.123991,23.693619,24.150442,24.867228,23.296614,24.742641,24.424387,24.183226,41.87057,45.1716,42.561302,41.06858,42.24896,44.80723,41.33348,44.969074,43.079937,42.62564,22.299994,23.175642,22.289938,21.84796,22.304739,23.150791,22.192,23.111609,22.658207,21.985548,23.717514,28.94455,30.103601,29.708445,29.546326,28.951252,29.05664,29.833546,31.398285,29.679688,8.308348,10.0670805,10.090928,9.634316,10.084528,9.904839,10.373406,10.208849,10.947771,9.987956,7.245794,16.574484,18.178722,16.772972,17.930862,16.696058,18.559546,17.486012,19.84613,17.283289,4.3885827,10.978713,11.316302,10.588325,11.351859,10.871733,11.84231,11.219029,13.228388,11.070173,8.483142,30.327208,34.071568,32.600506,34.16653,31.255146,35.227425,32.1759,38.206783,32.861847,4.0022926,13.260643,13.879476,13.172835,13.999984,13.697174,14.956946,13.639519,16.322186,13.649429,4.537615,17.229256,16.892725,15.970047,17.040274,16.189718,18.35755,16.820509,15.298906,17.102133,4.537615,17.229256,16.892725,15.970047,17.040274,16.189718,18.35755,16.820509,15.298906,17.102133,3.5747128,13.731575,14.952707,13.640027,14.502585,13.758914,14.9852085,14.595929,12.649381,15.849213,3.5747128,13.731575,14.952707,13.640027,14.502585,13.758914,14.9852085,14.595929,12.649381,15.849213,5.43976,22.201124,20.67056,20.159594,24.219124,20.800491,23.124826,21.45012,18.05234,24.44541
347.7372,420.36923,395.71442,405.78442,395.42575,406.4289,427.84024,414.04245,352.61313,400.3549,111.50838,128.5524,116.559326,118.988014,117.1907,120.724174,125.02654,124.572914,111.606544,125.1913,756.4281,876.6271,768.63135,788.96893,785.7431,810.9307,840.8164,845.35254,759.90405,864.1806,120.45196,135.84467,124.26678,123.79565,124.96563,126.83917,132.9075,131.01286,120.90393,133.82573,517.89105,575.57355,507.83633,510.7797,514.6672,527.693,549.6175,550.9992,512.37946,566.74786,70.30928,74.32545,70.93029,71.2875,71.38238,72.85373,73.18013,74.07587,69.48848,73.08437,364.19296,377.94293,364.33444,366.98285,368.98462,374.4794,373.91086,384.72498,354.21823,371.5783,65.59817,69.57397,65.34814,66.339325,65.48827,67.61252,65.56753,68.745476,64.69379,68.11255,238.61038,253.45256,236.55806,239.56404,240.05736,243.9362,240.09013,252.1446,233.8796,243.86649,40.341244,42.843334,40.022495,40.295437,40.04377,40.739117,39.70936,41.795467,40.045223,41.161522,136.05399,146.50243,135.7698,135.63402,135.56505,137.93513,136.00853,141.63872,134.90843,136.51642,32.690533,35.307076,33.02969,32.7689,32.74186,33.330944,32.480896,33.85451,32.91396,33.371346,88.911064,102.02338,93.61665,90.65207,90.82306,93.59158,90.99597,94.78301,91.73249,92.40032,32.98969,36.356674,33.77378,33.253094,33.505184,34.382977,33.36362,34.661938,33.3332,34.736423,63.49366,76.13881,67.12036,68.21957,70.30981,72.02975,69.85561,70.01904,68.51173,68.71986,24.76975,27.34612,25.495544,25.330074,25.960142,26.461927,25.71261,26.150879,25.710623,25.813581,46.886303,55.743816,49.92532,49.601574,51.88998,52.54463,51.94186,51.923084,49.941154,49.91136,22.64099,24.735214,23.350574,23.026627,23.693045,24.241438,23.853382,23.95664,23.661367,23.369528,38.534626,45.262745,41.009712,39.76246,41.53726,43.471737,44.041523,43.103027,41.944233,40.912273,20.670828,22.610022,21.271637,20.8627,21.457075,22.224657,22.682152,22.029573,21.730093,20.99347,21.707708,28.977396,29.150242,28.848524,28.81963,27.995657,31.372976,28.711405,30.882593,29.154602,7.513013,9.786173,9.704425,9.210152,9.725505,9.530001,10.436055,9.732643,10.654668,9.631264,6.8460283,16.63887,17.92896,16.486982,17.77928,16.495321,19.323576,17.078825,19.597754,17.226446,4.120243,10.95239,11.225382,10.480446,11.298335,10.74803,11.956567,11.058963,13.127558,11.012154,8.527102,30.400269,34.04715,32.388992,34.225563,31.033497,35.783546,31.904285,38.02796,32.89286,4.0551686,13.310074,13.898974,13.166803,14.03248,13.656595,15.088126,13.583484,16.307074,13.665466,4.5041194,17.183464,16.836044,15.898516,16.995197,16.119268,18.341988,16.729132,15.232714,17.05521,4.5041194,17.183464,16.836044,15.898516,16.995197,16.119268,18.341988,16.729132,15.232714,17.05521,3.5721967,13.724635,14.931907,13.601053,14.491721,13.673914,15.067893,14.45608,12.609708,15.831949,3.5721967,13.724635,14.931907,13.601053,14.491721,13.673914,15.067893,14.45608,12.609708,15.831949,5.585866,22.455206,20.816334,20.166178,24.186924,20.534124,23.81384,20.913492,18.149382,24.597376
518.3907,534.9285,466.03125,493.79425,470.53207,498.2874,483.45758,497.59967,508.08038,527.3953,156.66467,164.17017,149.8063,154.96626,151.48701,156.46411,155.42949,157.9481,155.60045,162.3116,1052.441,1113.972,1016.23846,1046.4823,1032.567,1059.1412,1060.224,1077.619,1050.198,1106.976,168.60303,174.47256,162.92345,166.74771,164.6939,168.11534,167.40387,169.28505,167.7821,173.91463,678.2474,676.4389,662.39874,673.19385,659.74225,669.36365,653.53906,665.6831,670.93536,677.78595,77.28922,77.80745,75.30297,76.31663,74.449936,76.792274,75.074844,76.71844,75.87577,77.23065,366.0195,361.69846,354.37753,360.03076,346.59604,358.17517,347.5661,360.39365,352.24643,357.8382,66.14388,68.28524,64.32599,65.75291,63.516964,65.97259,63.234474,66.70855,64.86592,67.25435,233.20157,240.73506,223.19221,230.77115,220.22163,229.23936,216.75768,232.79301,226.40405,233.11787,39.42938,41.124535,38.06839,38.645824,37.632637,38.699715,37.118805,39.48196,38.861797,39.681454,135.5876,143.24544,128.54164,129.26128,125.51479,128.41333,122.81698,132.74492,133.32506,134.0783,34.0302,36.18235,33.73703,33.59612,33.12952,33.772602,32.831318,34.33223,34.097775,34.38827,98.1721,108.08032,98.76974,96.077286,94.631676,96.70725,94.486595,98.598076,99.14324,99.76184,37.560085,40.206287,37.903866,37.351624,37.469128,37.977962,37.39507,38.45083,37.631313,38.96011,76.6725,83.39496,76.18361,76.31142,77.559715,76.07277,77.633835,77.29958,78.30572,78.85783,28.71498,30.370651,28.748322,28.584967,29.02042,28.82588,28.977064,29.22378,29.208069,29.261774,58.59317,60.99311,57.36382,57.58153,59.015285,56.270824,60.367596,58.892834,58.2944,57.36035,26.147017,27.091974,25.889545,25.802572,26.190933,26.205725,26.645056,26.473658,26.422672,26.106108,47.124416,49.153927,46.237057,46.50186,47.309803,46.99131,50.85345,48.296383,47.744976,46.526173,23.6595,24.61388,23.348936,23.246485,23.64305,23.8968,24.976032,24.102825,24.041067,23.272568,27.009272,32.211605,32.998444,33.647552,33.30724,30.987318,35.504253,32.594482,35.226986,33.52226,8.833709,10.625796,10.548497,10.218802,10.646838,10.268857,11.231914,10.65829,11.457103,10.577334,8.022395,17.443129,18.733902,17.641531,18.778168,17.054874,20.13957,17.989288,20.576447,18.24787,4.7896476,11.485895,11.753146,11.111037,11.853396,11.198493,12.44585,11.615616,13.567639,11.585367,9.971072,31.91451,35.44801,34.251083,35.78857,32.27319,37.146915,33.402657,39.39991,34.560772,4.841617,14.119143,14.695145,14.080866,14.831652,14.371635,15.809366,14.384177,17.007376,14.505198,5.4086766,18.03731,17.721434,16.853357,17.844929,16.96382,19.15845,17.58356,16.252993,17.925343,5.4086766,18.03731,17.721434,16.853357,17.844929,16.96382,19.15845,17.58356,16.252993,17.925343,4.2571564,14.296364,15.511136,14.298488,15.075928,14.205528,15.63871,15.034378,13.364795,16.454193,4.2571564,14.296364,15.511136,14.298488,15.075928,14.205528,15.63871,15.034378,13.364795,16.454193,6.6170306,22.973028,21.471222,21.19907,24.80426,21.011465,24.449293,21.526985,19.292181,25.324697
364.05148,381.47897,330.38303,324.92886,318.18796,342.70126,350.19684,352.1401,347.84616,381.67245,113.337524,122.72788,107.53513,107.41615,106.3803,111.25935,114.75647,115.78853,111.91674,123.013054,767.28107,854.9412,728.83545,739.7358,736.62384,772.0323,795.9545,809.4615,766.6203,862.19336,119.47372,130.39323,115.501884,115.103836,115.74145,118.93819,124.52465,123.03076,119.29742,130.66544,529.1059,581.9218,505.69806,506.70816,510.16574,519.70575,548.75555,542.27246,524.3957,582.6032,73.036705,76.23313,72.14,71.85404,72.29696,73.118065,74.61261,74.77436,72.47566,76.279396,377.78845,392.54205,375.43942,375.57642,378.78156,377.55002,386.9751,388.6338,371.4783,394.51944,66.25773,69.997475,65.15167,66.03318,65.14522,66.77344,65.614075,68.15115,65.598495,69.25088,239.98125,257.13815,234.53174,237.23355,235.90247,234.59082,236.23685,242.63817,234.74907,250.76152,41.11684,43.644257,40.386166,40.46122,40.192383,40.462307,40.039043,41.51952,40.821297,42.333473,139.53859,150.95135,136.83957,134.871,135.25188,133.11307,135.64838,137.79684,138.4452,144.06676,32.849926,35.500782,32.864132,32.375973,32.461742,32.421448,32.243694,33.213036,33.008522,33.753162,91.71426,103.01198,93.18759,88.71708,90.284966,89.11552,90.95928,91.69584,93.386955,96.61022,32.119976,35.520878,32.705452,31.8365,32.157368,32.611767,32.15992,33.077892,32.390408,34.083588,63.900097,72.9792,64.88674,61.548492,65.29424,62.89504,65.83667,65.51227,67.92144,70.02676,23.447104,25.502264,23.732649,22.8831,23.88119,23.664854,23.84169,24.111595,24.202026,24.506008,48.240246,51.870033,48.391212,44.28561,48.456806,44.915043,49.82694,48.91415,49.49484,50.080143,21.551176,22.66555,21.552092,20.590889,21.64712,21.515038,22.012297,22.0128,22.01724,21.879671,38.960236,41.875984,39.212513,36.341736,39.35433,38.587048,42.291744,40.693233,40.453598,39.72141,20.07395,21.081099,19.797476,18.948032,19.988493,20.112656,21.380354,20.542221,20.445225,19.688017,21.466818,26.942636,27.469437,26.369663,27.558313,25.030111,30.111338,27.458801,29.36258,28.084558,7.5330234,9.277129,9.1994915,8.574435,9.260756,8.838267,10.060689,9.34796,10.256282,9.1824875,6.6998115,15.382689,16.802649,15.065796,16.799665,14.982666,18.507002,16.277136,18.724195,16.235226,3.8299274,10.160739,10.439867,9.596682,10.567149,9.842928,11.275678,10.367114,12.56845,10.255545,7.2337656,27.813217,31.608023,29.62827,32.01471,28.317015,33.604897,29.765722,36.129467,30.579914,3.2213807,11.954398,12.509414,11.659856,12.75106,12.275457,13.88933,12.308512,15.186526,12.34112,3.3348768,15.699122,15.267402,14.256543,15.587176,14.573867,16.908894,15.275894,13.429273,15.616226,3.3348768,15.699122,15.267402,14.256543,15.587176,14.573867,16.908894,15.275894,13.429273,15.616226,2.7512982,12.712378,13.822339,12.4302435,13.61263,12.55032,14.067229,13.488349,11.313591,14.910352,2.7512982,12.712378,13.822339,12.4302435,13.61263,12.55032,14.067229,13.488349,11.313591,14.910352,4.6334076,22.001871,19.436275,18.257832,23.377594,18.98473,22.667078,20.22379,16.721056,24.347479
394.50375,407.43286,357.1168,373.3663,363.90747,388.65747,377.49316,383.66837,372.3928,395.75488,120.445435,130.07921,114.82461,117.72845,116.51475,120.9291,121.94112,123.64883,118.35243,127.97322,821.83203,908.3087,783.14014,806.95245,805.39154,836.7762,848.3381,863.8781,818.6935,899.5799,126.92006,137.43547,123.287636,123.89805,124.15324,127.263695,130.97005,130.25914,126.77557,135.59619,535.51465,577.2431,502.95538,504.20386,501.7723,518.22845,530.4966,534.5431,531.9451,562.86066,73.60345,75.50389,71.10668,71.575676,70.37772,72.60668,72.21796,73.40493,72.65426,74.11062,371.9522,375.8275,357.51852,360.54657,352.01062,361.7915,357.25266,369.4925,360.4749,366.10318,66.27001,69.105034,64.15615,65.34712,63.49253,65.90345,63.813465,66.95725,65.123535,67.47395,242.92159,253.5144,229.04033,232.26262,226.87093,234.09546,226.48831,239.22044,235.67632,241.76518,40.712444,42.653015,39.21266,39.498035,38.764248,39.647808,38.501343,40.51499,40.0636,40.939056,143.30244,150.23672,136.38448,135.20378,133.8915,135.60965,132.11949,139.65038,140.01878,140.87524,34.678585,36.623993,34.227245,33.916756,33.720287,34.171417,33.4473,34.694195,34.613766,34.90216,100.62608,109.71653,99.87056,98.20762,97.73263,99.8611,97.598495,100.97053,101.21261,103.50795,34.145084,37.021496,34.416565,33.80577,33.893463,34.843,33.75641,35.08177,34.26267,35.641426,67.36025,75.61022,67.07698,66.200645,66.60962,69.75089,67.400635,67.57765,70.09934,69.45892,24.834126,26.912275,25.05223,24.715422,25.151197,25.845001,25.170355,25.456467,25.567953,25.547865,47.97791,53.54605,48.228363,46.940216,48.1416,49.371082,50.306454,48.462044,49.394222,48.627083,23.25189,24.42211,23.27965,22.763714,23.271996,23.961416,23.802414,23.560179,23.664576,23.208298,41.89785,45.316467,42.352657,40.567432,42.18271,44.12632,45.689682,43.123272,42.943256,41.403557,21.599699,22.67679,21.455662,20.846067,21.498066,22.37293,22.970938,21.9582,21.939575,21.026209,22.642426,28.54423,28.935041,28.087122,28.466719,27.687872,31.16873,27.628479,30.620758,28.366724,7.650954,9.474923,9.422645,8.822171,9.420749,9.24191,10.192739,9.379091,10.409323,9.249242,6.540729,15.704833,17.10583,15.39151,16.932617,15.719398,18.567793,16.069113,18.914015,16.113945,3.8808906,10.347232,10.643237,9.820647,10.737137,10.206512,11.41483,10.455747,12.72718,10.355403,7.3355,28.430653,32.186165,30.306656,32.46514,29.382105,34.014843,29.987127,36.58723,30.782465,3.3133137,12.247822,12.839017,12.002292,13.02997,12.689212,14.141571,12.547372,15.442271,12.566588,3.5556366,16.06777,15.678145,14.674814,15.931651,15.016467,17.277723,15.61453,13.891541,15.93613,3.5556366,16.06777,15.678145,14.674814,15.931651,15.016467,17.277723,15.61453,13.891541,15.93613,2.8834763,12.963004,14.130118,12.733649,13.825168,12.946693,14.32741,13.679593,11.626413,15.05767,2.8834763,12.963004,14.130118,12.733649,13.825168,12.946693,14.32741,13.679593,11.626413,15.05767,4.6306815,21.77275,19.888327,18.895802,23.639198,19.8745,22.977083,20.095774,16.782017,23.802881
366.36255,425.3693,389.2723,413.18536,396.28702,410.1417,422.88058,413.6141,361.9743,397.0082,116.04506,130.46483,117.2962,120.73433,118.33897,122.655785,125.05115,125.46897,115.549904,125.93561,792.5517,898.11664,789.4792,812.4585,805.1267,834.6751,855.4008,864.4253,795.11444,882.22754,123.25936,137.06055,124.20351,124.86327,125.13595,128.11296,132.31575,131.11772,123.749146,133.89314,530.63214,588.66046,511.83896,518.946,518.5769,538.07635,547.0905,553.89343,527.89026,570.5324,71.01155,75.16484,70.71533,71.56374,71.06323,73.140274,72.60464,73.78296,70.29675,73.10178,360.04196,380.03873,355.25583,362.11252,358.7671,367.19864,364.8773,375.81726,352.21164,366.6451,65.1267,69.57824,64.386116,65.88215,64.67325,66.9353,64.653465,67.847984,64.15731,67.22796,238.5626,256.64062,231.75098,240.34325,234.87312,244.10057,236.39537,247.72264,229.3585,239.57368,40.80793,43.523914,40.2617,40.853218,40.37325,41.260868,40.10627,41.981636,40.071796,41.322224,140.9566,152.86894,141.67851,144.05595,142.45007,145.20465,143.93803,146.85147,137.6787,141.08934,32.466656,35.429733,32.826214,32.78572,32.549618,33.2479,32.375366,33.627937,32.359657,33.130096,89.80529,104.09893,93.597206,92.69536,91.86235,95.01766,92.915184,95.695114,90.301926,93.713974,32.12837,35.609234,32.866444,32.327347,32.564793,33.489964,32.51248,33.743816,32.158558,33.845398,61.41748,72.762474,66.297005,67.13889,68.46781,71.43342,68.585365,69.08778,64.46794,66.022316,23.957617,26.428537,24.867334,24.678595,25.217047,25.846003,25.12281,25.521467,24.778486,24.944624,46.467045,53.53782,50.43603,49.93445,51.677822,52.988186,52.75472,52.07024,48.796246,48.010754,21.916685,23.890837,22.817556,22.428385,22.95227,23.649618,23.353521,23.31738,22.93401,22.485823,38.316975,44.260532,41.332443,39.89053,41.105713,43.50785,44.602173,43.029858,41.536873,39.744633,20.007175,21.915384,20.770882,20.267536,20.78455,21.703215,22.213797,21.421604,21.105413,20.198929,21.307306,29.049818,29.389952,28.790983,28.657385,28.511082,31.550398,28.706009,30.907776,28.643457,7.2754135,9.70346,9.653521,9.104487,9.600962,9.520308,10.373331,9.633302,10.560815,9.451853,6.663118,16.693508,18.039457,16.43578,17.669455,16.736536,19.356007,17.044973,19.541544,17.020178,4.0539103,10.964858,11.261699,10.478789,11.281885,10.823598,11.9669485,11.057073,13.114313,10.971302,8.46172,30.493183,34.197983,32.399677,34.15279,31.329529,35.814613,31.927643,37.985058,32.755096,4.0822043,13.366443,13.980945,13.219922,14.071017,13.766893,15.141257,13.633304,16.340137,13.677707,4.5620265,17.2516,16.920588,15.964067,17.042107,16.217665,18.414936,16.794048,15.310912,17.091413,4.5620265,17.2516,16.920588,15.964067,17.042107,16.217665,18.414936,16.794048,15.310912,17.091413,3.5943305,13.776094,15.024833,13.638941,14.506449,13.80178,15.118558,14.493495,12.650525,15.809802,3.5943305,13.776094,15.024833,13.638941,14.506449,13.80178,15.118558,14.493495,12.650525,15.809802,5.568073,22.280577,21.04589,20.31777,24.249765,20.952686,23.90106,20.878489,18.006252,24.211653
367.91812,399.5582,355.25906,349.3141,340.54736,375.66208,377.76053,366.92892,353.65277,385.62958,116.04846,126.76558,113.12075,113.143555,112.13065,117.6888,121.03487,120.48382,114.312195,124.839294,781.2751,873.7674,759.66003,769.40045,767.5356,804.01843,829.7391,833.81006,778.8905,867.40234,122.893875,133.60771,121.007256,120.353905,120.8959,124.20376,129.47165,127.55818,122.32684,132.63756,530.2129,570.85254,506.32413,503.36255,502.35703,519.35803,539.8654,538.72876,522.4329,568.6848,74.62643,75.971664,73.255875,73.19745,72.30401,74.44963,74.4293,75.16032,73.35714,75.728004,386.613,386.3005,378.5361,378.52298,372.55734,380.8514,380.26346,388.08356,374.2097,385.99423,67.70355,69.76592,66.01103,66.91317,65.208595,67.73947,65.54622,68.56071,66.46938,69.1119,247.40392,255.93025,239.86238,242.74422,236.93741,245.6459,237.54149,247.02136,242.50638,251.99834,42.633423,44.192623,41.616035,41.807705,41.078358,42.192654,41.07619,42.565838,42.274796,43.22922,151.49681,156.05533,148.3333,149.19502,146.2714,149.67908,148.53386,148.12659,151.56221,153.56519,34.627117,36.496082,34.436794,34.135605,33.884125,34.515614,33.68813,34.602932,34.759403,34.995853,99.816185,106.67205,100.36106,98.50256,97.59916,99.912506,98.0192,98.82995,101.713554,103.04608,32.400867,35.268715,32.837337,32.169884,32.332375,33.197823,32.183113,33.174324,32.620953,33.988686,63.696392,69.42913,62.554485,62.927643,63.774017,65.178764,64.16075,62.38931,67.75978,66.83702,22.457144,24.4615,22.628416,22.412796,22.887344,23.429993,22.894157,22.765696,23.398916,23.45091,43.18041,47.301983,42.562397,42.101948,43.972637,44.05857,45.40913,41.49021,44.83404,44.41523,20.58722,21.620031,20.539307,20.130644,20.683634,21.28028,21.170551,20.508076,21.068811,20.667582,36.74245,39.341198,36.878094,35.600246,37.530758,38.59879,40.575073,36.210796,37.9055,36.5166,19.160963,20.090437,18.92156,18.436066,19.066967,19.809055,20.639658,19.016916,19.45648,18.523272,19.864456,25.372377,25.8774,25.267859,25.557749,24.977083,28.55304,23.654999,27.332087,25.316753,6.9935184,8.731376,8.721913,8.186869,8.712609,8.572553,9.592819,8.493621,9.779523,8.514281,6.0630336,14.688071,16.204777,14.762357,16.039291,14.906903,17.836287,14.691548,18.044352,15.105761,3.5779502,9.69062,10.0702,9.299501,10.197833,9.656265,10.904189,9.75019,12.307462,9.762276,6.7478576,26.511536,30.494247,28.877264,30.920502,27.766785,32.467915,27.924393,35.211525,29.00798,2.9567611,11.301948,11.934496,11.061291,12.1788,11.840237,13.348581,11.601308,14.694031,11.661676,3.045068,15.033554,14.616126,13.578064,14.985376,13.99356,16.322886,14.561577,12.6265135,14.939488,3.045068,15.033554,14.616126,13.578064,14.985376,13.99356,16.322886,14.561577,12.6265135,14.939488,2.5329616,12.2259445,13.343292,12.029869,13.266088,12.260832,13.705612,12.849237,10.667304,14.361716,2.5329616,12.2259445,13.343292,12.029869,13.266088,12.260832,13.705612,12.849237,10.667304,14.361716,4.3866377,21.131546,19.219242,18.315332,23.473774,19.618069,22.698523,19.077925,15.501205,23.10198
386.53232,422.58542,346.17297,393.70303,359.60413,401.24072,386.54968,387.08167,378.63287,398.7882,122.76776,133.4698,114.909874,122.30392,117.39839,125.33645,124.06069,126.1001,121.36837,129.82637,824.038,908.70404,773.38684,811.39703,793.2158,844.464,840.8222,862.5207,821.1879,895.7427,131.19426,140.76683,122.9746,128.8064,125.739334,131.80182,131.67981,133.29965,130.11452,139.171,533.6305,571.3654,497.139,514.14484,501.7875,527.01263,521.8309,536.61584,527.2036,563.1828,72.19866,73.74523,69.35233,71.33672,69.01912,72.26225,70.24062,72.22141,70.937004,72.85121,360.92673,361.28598,344.86002,354.43115,340.82867,357.4835,343.64938,361.38596,348.0833,356.17218,62.924904,65.88944,60.671925,62.866535,60.258617,63.521572,60.177124,63.97886,61.872852,64.57922,225.6696,238.9598,212.58418,223.3872,211.24336,228.38135,206.79922,230.2227,218.51514,229.75269,38.688526,40.87249,37.129307,38.08682,36.80914,38.40384,36.46342,38.994183,38.273617,39.4174,132.63841,142.39348,125.77569,129.24815,123.73187,130.0294,122.456474,131.75827,131.64949,135.41882,33.015423,35.26721,32.560757,32.829403,32.074055,33.106964,31.78686,33.388752,33.148594,33.66351,94.79238,104.87289,93.8654,94.5205,91.43873,96.27985,90.4954,95.98468,96.47562,99.58918,34.264233,37.242126,34.46235,34.231945,34.011017,35.165592,33.86851,35.270794,34.49359,36.01841,70.92788,79.16911,68.55169,71.12706,67.77946,72.65151,69.76853,71.45598,73.362564,75.1453,26.14356,28.04712,25.959898,26.16625,25.784811,26.848852,26.242334,26.720366,26.80985,27.006361,54.63334,57.707027,52.27892,54.48472,49.947063,54.52381,55.704712,55.92096,54.951466,55.3213,24.27828,25.205093,23.84979,24.008244,23.276749,24.656958,24.683388,24.728819,24.729048,24.421515,44.722267,46.22241,43.489014,44.366493,41.276997,45.395428,47.887325,46.83216,45.85653,44.23172,22.158512,23.089134,21.796926,21.758429,21.111858,22.535728,23.342924,22.75807,22.709518,21.81135,25.70141,31.576292,31.459406,32.2375,28.437653,30.362696,33.691,31.810175,34.13393,31.706848,8.346831,10.110232,9.868896,9.602948,9.489899,9.812181,10.631706,10.148804,10.920325,9.903906,6.910057,16.657349,17.430159,16.528263,16.29804,16.326143,19.006712,17.125105,19.580976,16.859375,4.1861496,10.834006,11.04548,10.385338,10.813624,10.642834,11.737578,11.026509,13.04984,10.863608,7.6300044,29.92565,33.232105,32.029705,32.425503,30.558258,34.764503,31.64659,37.64154,32.154324,3.5580413,12.926387,13.448424,12.7618885,13.38873,13.310489,14.651141,13.275249,15.996759,13.28342,4.0066676,16.820616,16.432524,15.508258,16.52133,15.743158,17.964352,16.43143,14.781595,16.66785,4.0066676,16.820616,16.432524,15.508258,16.52133,15.743158,17.964352,16.43143,14.781595,16.66785,3.1911628,13.595708,14.587275,13.362613,13.942359,13.511584,14.764159,14.347163,12.340327,15.554468,3.1911628,13.595708,14.587275,13.362613,13.942359,13.511584,14.764159,14.347163,12.340327,15.554468,4.941678,23.226322,19.905905,19.811209,22.860981,20.45687,23.136972,21.214369,18.068552,24.71763
372.0444,428.48932,402.82523,424.183,406.10635,431.83716,434.2203,428.19736,362.84247,390.29895,111.65502,126.862305,114.14778,117.757645,115.13631,120.16013,122.51963,122.61824,110.52328,121.05415,735.71405,851.5883,739.73114,762.5161,756.35736,788.9965,812.2192,818.48,736.6797,827.319,115.5851,130.2748,117.773254,117.85166,118.54097,121.17649,126.61486,124.36625,115.58118,126.81985,496.93927,556.0355,487.94406,488.337,492.66797,506.90964,527.4594,524.60516,491.26425,547.3691,69.36629,72.98147,69.89495,70.30092,70.04609,71.68015,71.5563,72.27327,68.24697,71.56314,352.7089,364.85068,352.9441,355.98288,354.4735,360.1194,357.60977,365.83914,340.27936,356.7101,62.55,66.63893,62.190258,63.556087,62.22126,64.37734,61.979076,65.145134,61.24414,64.78506,225.34386,241.67545,222.34447,227.80334,223.3098,232.48148,220.11026,233.81229,214.81387,229.56834,39.241394,41.71789,38.934254,39.24885,38.759106,39.62264,38.224323,40.279263,38.465515,39.941036,133.20592,142.70892,133.61041,133.15038,132.4477,134.7531,129.67065,136.2292,129.19887,133.15746,32.513577,34.913387,32.9474,32.715244,32.532063,33.162823,32.0026,33.43818,32.378536,32.986,89.00222,98.756615,93.72493,90.73649,91.06756,92.866844,88.38482,92.975365,88.59951,91.06339,32.474762,35.534737,33.249462,32.584362,32.82838,33.684017,32.37397,33.855682,32.44205,33.92169,62.477844,70.68362,65.51986,65.294,67.43975,68.3558,64.289566,67.45225,63.007343,63.675026,24.385883,26.320272,24.979105,24.677395,25.29907,25.721851,24.84189,25.466763,24.7964,24.778519,47.51007,53.222816,49.23271,48.60844,50.893406,50.816566,50.195034,50.42149,47.628593,46.695015,23.392862,24.682922,23.696524,23.318605,23.947838,24.422987,24.013966,24.129786,23.572453,23.176397,41.552475,45.451977,42.36848,41.23832,42.980556,44.546062,45.189358,43.735363,41.673824,40.341286,21.790539,22.924042,21.744068,21.345585,21.950933,22.687998,23.11034,22.376816,21.828196,21.052036,23.016287,28.949747,29.195765,28.882462,29.013346,28.174112,31.329346,28.109451,30.240583,28.156729,7.9694123,9.777664,9.682696,9.231071,9.724896,9.517769,10.4228735,9.693929,10.57969,9.495404,6.827798,16.114212,17.407719,16.04994,17.305191,16.048216,18.850498,16.426132,19.102493,16.407377,4.100969,10.637176,10.914859,10.187491,11.015404,10.472973,11.665913,10.731418,12.882922,10.6241255,7.872374,29.331354,32.965733,31.461716,33.248455,30.181091,34.768627,30.773472,37.134163,31.634092,3.6280046,12.719002,13.309288,12.550639,13.4796295,13.126543,14.556209,12.999675,15.80886,13.029337,3.9575715,16.563278,16.196875,15.234977,16.404917,15.516576,17.757055,16.105156,14.494611,16.421133,3.9575715,16.563278,16.196875,15.234977,16.404917,15.516576,17.757055,16.105156,14.494611,16.421133,3.1575534,13.283152,14.477475,13.152057,14.132113,13.296376,14.661715,13.990114,12.040943,15.367014,3.1575534,13.283152,14.477475,13.152057,14.132113,13.296376,14.661715,13.990114,12.040943,15.367014,5.010991,21.85124,20.367893,19.702166,24.030684,20.47142,23.422024,20.369537,17.215351,23.875029
407.8019,442.34366,384.31735,387.79285,371.10153,402.0264,405.55255,399.43347,406.82126,425.40674,127.18361,137.0724,123.046684,124.275246,122.27278,127.78527,129.60356,130.15906,127.09922,134.41592,874.41766,954.9087,846.15674,861.8872,855.3799,890.8011,903.68585,916.68195,877.36975,944.5018,133.75812,143.0233,129.97813,130.82433,130.2586,133.82127,136.96753,136.68376,133.74382,141.2306,580.21844,611.7815,549.9555,557.6544,546.5083,564.0317,567.85736,574.101,574.67334,596.6685,76.73512,78.06701,74.357216,75.200966,73.25024,75.79315,75.00309,76.02968,75.589386,77.002655,391.4668,394.54907,376.70206,384.41885,371.35727,381.5695,377.04544,385.62622,380.83847,387.67398,67.87826,70.178185,65.77417,67.38741,64.870766,67.61071,65.330475,67.92702,66.54232,68.92102,250.34729,256.3138,239.72957,243.98291,234.99852,242.89073,238.3297,239.82364,243.68863,247.36429,41.559967,43.320797,40.277557,40.69684,39.630653,40.688362,39.588306,40.73641,41.012447,41.717762,144.0898,150.63504,138.51958,139.00731,135.07909,138.19612,135.97855,135.26846,141.949,141.66855,36.338223,38.240707,36.08967,35.849545,35.385098,36.03142,35.299805,35.56133,36.37083,36.406887,106.07955,114.88375,106.3219,104.14608,102.38995,104.78091,102.66487,100.28462,106.839066,107.11641,39.417267,41.840706,39.790447,39.2635,39.17892,39.978157,39.20943,38.88634,39.605877,40.51407,81.20438,86.98647,81.20082,81.25132,80.87303,81.51874,82.67183,72.98519,85.164,82.48474,28.273544,29.85166,28.526503,28.20732,28.42134,28.710688,28.603598,26.995035,28.98613,28.795654,59.540993,60.032032,59.013916,57.918102,57.72427,56.615456,61.2151,51.1826,59.06422,57.147114,25.076086,25.821995,25.038347,24.660837,24.905045,25.170477,25.582487,23.724142,25.435867,24.982069,46.19396,46.945847,46.16641,45.459618,46.293068,45.432526,50.009018,41.725643,47.010086,44.976788,22.536777,23.507353,22.545393,22.185884,22.538275,22.805483,23.959747,21.473948,23.094456,22.12513,27.334616,32.29834,33.73788,33.715706,33.189987,31.301844,35.645294,29.446283,35.32843,33.023792,8.366218,10.23087,10.26017,9.835245,10.235969,9.931487,10.887915,9.770568,11.139162,10.106465,7.7713265,17.144587,18.693384,17.37747,18.440546,16.877554,19.928547,16.573019,20.321701,17.674702,4.554675,11.187631,11.53764,10.837349,11.603459,10.979537,12.200882,11.014905,13.389089,11.256552,9.456049,30.995825,34.89759,33.465427,35.150143,31.536804,36.468037,31.696253,38.806885,33.503674,4.518664,13.676002,14.307215,13.625862,14.426288,13.975734,15.4320545,13.752558,16.64501,14.022571,4.998555,17.500422,17.2115,16.303104,17.370752,16.468885,18.678438,16.958593,15.646601,17.398819,4.998555,17.500422,17.2115,16.303104,17.370752,16.468885,18.678438,16.958593,15.646601,17.398819,3.9957428,13.906029,15.134727,13.931801,14.815567,13.872141,15.386614,14.435382,12.899744,16.0454,3.9957428,13.906029,15.134727,13.931801,14.815567,13.872141,15.386614,14.435382,12.899744,16.0454,6.388702,22.505936,21.345724,20.936445,24.787476,20.881369,24.757143,20.125872,18.657629,24.654692
372.73242,444.90665,413.31982,416.04825,406.2422,424.40698,444.222,428.34024,382.10007,417.95334,113.966286,129.74141,117.583046,118.0115,117.14569,121.41493,125.458916,125.03943,114.37367,125.96857,766.93036,879.77094,776.1512,784.8325,786.6773,814.73254,844.84924,849.20557,774.5631,869.1627,117.780876,132.4939,120.280815,119.41935,120.86385,123.529495,128.80693,127.20333,118.66192,130.44617,517.97144,575.64844,513.1592,512.6254,520.3426,536.164,549.7392,553.4845,516.15283,572.74066,69.22878,73.34966,70.6153,70.645485,71.04075,72.632225,72.421104,73.51316,68.759995,72.66566,356.56476,372.72604,364.78192,364.13892,368.98615,373.99246,370.33566,382.7966,350.91086,371.63904,64.95607,69.143456,65.54949,66.34888,65.61628,67.759834,65.35701,68.69079,64.43778,68.1448,237.38594,250.84053,244.37846,245.69559,245.45035,253.64922,243.4818,256.21262,233.10924,248.5212,41.30395,43.846474,41.805836,42.007103,41.80061,42.680305,41.377728,43.393383,41.012074,42.828907,140.34605,148.6136,145.55928,147.32343,146.92334,150.56583,147.36214,150.37154,139.01973,146.47911,32.97809,35.711864,33.825176,33.766415,33.751106,34.4344,33.394985,34.767975,33.18845,34.33801,89.75704,101.88161,95.918976,95.763084,96.177155,99.56996,95.24253,99.75456,92.15209,98.531944,31.800962,35.246353,32.731842,32.521156,32.848507,33.81135,32.583508,34.037685,32.25927,34.134895,60.608612,71.5422,65.35439,67.92378,70.570656,72.38139,69.08266,70.0928,66.26377,69.42315,22.628294,25.307371,23.638983,23.682474,24.403696,24.952162,24.05979,24.525705,23.774174,24.394743,44.028095,52.21234,48.005466,48.23139,51.367275,51.824,51.029564,51.00326,47.49771,49.65768,20.117165,22.588818,21.308495,21.013147,21.815348,22.368292,21.91464,22.045225,21.549524,21.692316,34.21128,41.68822,38.33546,37.06092,39.370968,40.93988,41.507454,40.74897,39.016956,39.327534,18.077883,20.656008,19.509665,19.04725,19.774145,20.44871,20.896107,20.311218,19.888449,19.434013,19.619566,28.042011,28.534378,28.09231,28.454447,27.539474,30.609653,28.380838,30.121769,28.9383,6.7440066,9.59644,9.579242,9.054669,9.611063,9.440978,10.276877,9.597644,10.509102,9.542041,6.78781,16.985859,18.382202,16.89157,18.247854,17.029419,19.656418,17.561918,19.83398,17.779886,4.087627,11.162371,11.485087,10.728827,11.544555,11.009401,12.176524,11.316111,13.263031,11.310992,9.202624,31.244984,35.003265,33.24672,35.103607,31.921345,36.596447,32.846413,38.581577,33.914516,4.521659,13.822733,14.452868,13.734759,14.557739,14.177793,15.5653105,14.119715,16.720387,14.229858,5.0239534,17.69379,17.372913,16.446817,17.490065,16.634224,18.83768,17.249924,15.832553,17.574825,5.0239534,17.69379,17.372913,16.446817,17.490065,16.634224,18.83768,17.249924,15.832553,17.574825,3.9249425,14.051002,15.316019,13.973174,14.8066435,14.028897,15.389663,14.817382,13.024261,16.164658,3.9249425,14.051002,15.316019,13.973174,14.8066435,14.028897,15.389663,14.817382,13.024261,16.164658,6.14817,22.60608,21.409082,20.800928,24.611097,21.045288,24.191559,21.423542,18.641521,24.839598
396.22388,438.0677,414.76596,414.7757,409.93234,425.7037,425.6622,437.4524,384.40152,436.59738,121.60215,135.14578,123.65176,124.171646,123.3944,127.11861,129.03957,131.68187,120.98019,134.92125,802.47455,903.5096,804.34863,815.4765,813.1345,842.1132,860.17523,876.52924,803.97943,905.1684,127.78591,141.5555,130.35416,129.57779,130.5543,133.00072,137.44702,136.81029,128.26904,140.49983,536.21936,589.645,531.06195,530.42334,534.87256,546.6369,561.80176,563.6069,531.79504,576.8412,73.650055,77.51771,74.01575,74.22357,74.0816,75.58924,75.634834,76.478,72.90893,76.11343,373.92892,391.63898,373.77246,375.45093,375.50986,380.04962,381.26804,386.96964,366.07864,380.82983,66.631615,70.994545,66.3742,67.407166,66.43418,68.35162,66.64663,69.2824,65.747826,69.15624,239.94759,258.3076,236.62386,242.22957,240.32108,242.85088,240.36768,248.34488,235.07463,246.14224,40.677177,43.46937,40.18809,40.54918,40.145233,40.8137,39.8808,41.70047,40.135235,41.623116,137.69499,149.8042,136.10115,137.17906,135.77257,137.42389,135.42514,140.13562,135.59831,140.29175,33.62927,36.367916,33.700348,33.670868,33.460476,33.974262,33.109653,34.551434,33.33623,34.299263,94.134125,106.20376,95.38265,94.76855,94.25907,96.24466,93.48785,97.254974,92.02485,98.56195,33.6823,36.974224,34.114296,33.753193,33.865627,34.687653,33.639553,34.94748,33.286713,35.332092,65.81832,76.66347,67.19402,68.35113,69.39812,71.803604,68.18015,71.06711,63.044563,69.93162,24.506353,26.7012,24.993895,24.872873,25.366835,25.87099,25.108955,25.750666,24.027727,25.376286,51.083153,54.718422,51.783855,52.295094,52.84778,54.12501,53.743713,53.82539,45.457897,51.203682,22.946043,24.088358,23.116648,22.83705,23.359678,23.847303,23.55721,23.722475,22.072104,23.163061,41.892185,44.77302,41.92061,41.422443,42.47736,44.00785,45.212597,44.111782,38.453526,41.98404,21.11138,22.1341,20.969656,20.641733,21.19827,21.866983,22.407541,21.762884,20.417456,20.696623,22.40259,27.871214,28.327402,28.22711,28.15454,27.068602,30.383978,27.626204,28.188852,28.293396,7.7398133,9.516939,9.44954,9.026267,9.483087,9.270963,10.199246,9.527196,10.256293,9.378163,6.6580796,15.732799,17.108383,15.853991,16.97516,15.664909,18.542526,16.25469,18.620932,16.386572,3.9641023,10.400856,10.700745,9.997612,10.803231,10.247073,11.468127,10.563834,12.647532,10.4894705,7.535329,28.663904,32.329212,30.923231,32.61671,29.529089,34.193893,30.274338,36.381752,31.267736,3.3936524,12.356681,12.960091,12.187312,13.140021,12.7836485,14.240204,12.698089,15.476911,12.749707,3.6241536,16.162374,15.768877,14.797919,16.015753,15.084376,17.376097,15.731079,13.995578,16.061802,3.6241536,16.162374,15.768877,14.797919,16.015753,15.084376,17.376097,15.731079,13.995578,16.061802,2.8804626,12.985669,14.164935,12.863303,13.868995,12.991083,14.371732,13.741135,11.644198,15.126864,2.8804626,12.985669,14.164935,12.863303,13.868995,12.991083,14.371732,13.741135,11.644198,15.126864,4.730518,21.664337,20.06596,19.479755,23.900656,20.296665,23.13689,20.416199,16.665165,23.828861
458.18488,484.04654,450.40216,460.87442,448.02682,469.12598,473.5879,465.71378,441.19687,446.12573,138.48679,147.78247,137.66353,138.48747,137.46436,140.80952,143.64832,143.06847,136.84233,142.73296,947.4455,1021.3377,946.9375,949.0049,952.4506,970.0797,995.79065,995.8592,946.47894,1007.0931,145.93298,154.41525,146.14012,145.59273,146.09741,148.00777,151.75963,150.33679,145.78966,151.65044,597.80365,614.0338,593.80426,596.5826,591.39905,603.38586,603.2248,607.0564,593.4137,604.22015,75.74677,77.35224,75.530075,75.811806,74.97428,76.782715,76.03137,76.89899,74.52004,75.79842,373.421,376.6694,371.2192,373.5626,368.00742,375.22824,368.6156,379.11017,361.56894,366.81293,67.770256,70.338295,66.91814,68.13537,66.66697,68.72399,66.44164,69.151566,66.53951,68.36462,248.26456,247.30054,243.2133,246.74638,241.15051,247.05354,240.95442,246.55367,240.4727,235.50166,41.893562,42.998287,41.17602,41.460163,40.78369,41.633327,40.51023,42.046436,41.26086,41.0261,145.71373,145.08391,143.79037,143.9757,141.48027,143.72139,141.4258,143.88087,142.66785,135.64001,35.956642,37.052174,36.05568,35.78074,35.50192,36.107586,35.265865,36.250244,35.9555,34.87768,105.98057,108.44964,108.58437,105.944664,105.22707,107.06779,104.27207,107.157555,107.38027,99.460754,39.460403,40.59241,39.986313,39.48512,39.585365,40.28069,39.302715,40.2927,39.612236,38.761166,84.94983,78.95873,87.45118,87.36599,89.09459,89.05919,87.832695,85.94348,89.02374,73.658134,28.90536,28.485273,29.43959,29.155603,29.563858,29.852472,29.275028,29.502441,29.410206,26.659071,70.43944,61.832485,70.53485,69.948296,70.85883,70.38958,71.55883,69.80758,68.884674,55.24629,25.489916,25.435709,25.594168,25.24568,25.57808,26.113682,25.87711,25.75293,25.790289,23.027403,49.218544,47.565544,48.72374,48.206566,48.714016,50.36175,52.2146,49.339863,50.395855,40.65696,22.340212,22.925394,22.168573,21.79048,22.199408,23.02868,23.440308,22.617397,22.755669,20.264694,26.710943,31.822062,32.941204,32.533733,32.205738,32.23045,34.44157,31.483353,35.046295,29.740875,8.230456,9.932823,9.826777,9.372446,9.811826,9.762199,10.5127325,9.8604145,10.8022785,9.400657,6.9525805,16.352308,17.505365,16.078846,17.22563,16.581522,18.871769,16.548138,19.479797,15.945106,4.202541,10.713084,10.978831,10.211319,11.035666,10.6286955,11.685808,10.798928,13.009259,10.529734,7.905751,29.551605,33.07038,31.488214,33.215046,30.708979,34.72629,30.937622,37.492634,31.254385,3.6895463,12.800839,13.373163,12.605743,13.522562,13.279427,14.596336,13.070151,15.904968,12.9789915,4.05343,16.660696,16.306381,15.331731,16.476072,15.670488,17.844273,16.200232,14.61883,16.444092,4.05343,16.660696,16.306381,15.331731,16.476072,15.670488,17.844273,16.200232,14.61883,16.444092,3.2170455,13.383463,14.566007,13.191005,14.139226,13.478632,14.7078705,14.074938,12.146642,15.321146,3.2170455,13.383463,14.566007,13.191005,14.139226,13.478632,14.7078705,14.074938,12.146642,15.321146,4.9161835,21.79135,20.393759,19.65029,23.908787,20.843088,23.279861,20.360352,17.241865,23.41438
412.48105,420.49216,399.94763,387.1542,392.3255,393.47195,411.58057,428.3169,397.87,438.42365,123.15846,130.72281,119.58479,117.795364,118.71002,120.97925,124.902855,127.49148,122.34435,132.62541,827.1084,898.04144,799.48315,800.2687,808.38885,828.6014,855.81494,873.8037,830.09686,909.94104,126.75614,135.15616,124.02012,122.42428,123.932274,125.934425,130.64134,130.4208,126.50183,135.52608,535.8677,559.8496,514.87933,508.28125,512.90735,526.3659,531.3305,547.2428,524.3159,561.8264,74.930504,75.15275,73.53664,73.0118,72.73939,74.3305,73.666855,75.74601,73.27384,75.38305,388.87164,380.6009,379.5909,376.04028,374.32834,381.49332,374.5156,393.14413,373.35544,383.2916,68.99045,70.15863,67.34153,67.63302,66.64036,68.613266,66.211716,69.99469,67.12326,69.72805,251.11479,242.88853,244.718,242.073,244.28755,245.05733,235.85242,254.65869,238.63847,246.34058,42.95955,43.226788,42.080944,41.81829,41.730984,42.12636,40.944206,43.2562,41.871746,42.73141,152.26596,145.9746,149.86409,147.75127,148.77924,148.12914,144.8721,152.74338,146.33804,148.00877,37.92213,37.82979,37.93501,37.33121,37.478973,37.69099,36.768005,38.310833,37.50764,37.64569,112.48616,105.26985,113.878624,110.78876,112.30812,111.8114,109.45414,114.84124,109.49275,111.25435,39.484676,39.13334,39.92112,39.246105,39.541847,40.10207,39.050175,40.474117,39.173737,39.991436,83.131165,70.0215,85.21149,83.88297,86.38036,87.22827,83.57946,86.99131,83.8773,80.24019,29.574726,27.128065,30.081446,29.630945,30.113153,30.592213,29.60383,30.448217,29.666388,29.188965,69.157585,52.163433,69.52539,67.47515,68.402596,69.27742,69.00392,69.7455,66.17671,63.081123,26.906906,24.499994,27.017675,26.517994,26.901289,27.42168,27.032001,27.344748,26.816366,26.62652,50.902714,42.337196,50.75996,50.201313,50.809906,51.77549,53.175503,52.051147,50.823116,49.783386,23.723154,22.295322,23.846067,23.568108,23.835522,24.4003,24.71759,24.468046,24.084713,23.501917,28.695057,30.061789,35.033413,35.39104,35.00272,32.5109,36.00119,34.189354,36.746304,35.239162,8.61696,10.094078,10.510432,10.127471,10.536713,10.241259,10.971965,10.561776,11.345826,10.477045,7.977115,16.70106,18.90183,17.700953,18.804108,17.140314,19.771854,18.03421,20.598923,18.269663,4.6720543,11.027715,11.658328,11.008814,11.735995,11.103036,12.223155,11.493785,13.466178,11.461161,9.632423,30.809498,35.164032,34.021263,35.451942,31.938522,36.421425,33.077614,39.0473,34.17686,4.7155285,13.739449,14.554637,13.92739,14.683454,14.246081,15.585129,14.26102,16.860828,14.341829,5.337261,17.860346,17.602488,16.729298,17.745426,16.847017,19.022284,17.454868,16.095358,17.79993,5.337261,17.860346,17.602488,16.729298,17.745426,16.847017,19.022284,17.454868,16.095358,17.79993,4.1601677,14.071059,15.430301,14.227763,15.0685,14.162651,15.493228,14.945333,13.192865,16.3239,4.1601677,14.071059,15.430301,14.227763,15.0685,14.162651,15.493228,14.945333,13.192865,16.3239,6.5212984,21.97736,21.662298,21.406658,25.346613,21.523455,24.144152,21.635513,18.726583,24.687593
486.7837,472.93027,435.97336,416.3588,421.94107,437.70587,427.01056,460.96652,456.41086,497.49493,138.54034,143.2904,131.74925,129.26347,130.72455,132.85587,134.2546,139.00835,135.887,146.81645,909.43115,965.8732,868.9211,867.49084,874.33734,894.17303,910.397,935.87384,902.94025,986.31757,139.33426,146.4152,134.99034,134.0811,135.34465,137.14705,140.09158,140.97751,138.45561,146.8081,573.7599,597.11505,552.2314,549.25433,552.71265,561.20874,561.56995,572.56116,569.73627,588.07855,75.91992,77.089165,73.78887,73.756096,73.419426,74.9302,74.01981,75.91802,74.79556,76.244896,376.78793,379.68423,367.0,366.35367,364.88242,369.68796,363.39044,378.49622,366.5254,373.39117,67.74288,70.33725,66.01861,66.71255,65.79787,67.52988,65.20286,68.79705,66.63015,69.07163,244.09038,250.67834,234.80098,234.17003,235.65967,235.77515,228.59619,244.736,238.86217,242.5253,41.39979,43.076015,40.154728,39.99934,39.97698,40.28726,39.096912,41.451904,40.86739,41.56547,142.3394,149.04259,136.29845,132.63344,135.29095,133.6796,128.93716,139.82285,140.63246,139.79251,34.556763,36.472176,34.142406,33.59463,33.726776,33.912018,32.783028,34.6453,34.549908,34.644825,98.42306,106.992935,97.693726,93.23061,95.12744,95.23907,89.115036,97.84511,99.19608,98.39254,34.89967,37.517685,35.06266,34.38683,34.754566,35.391666,33.60728,35.80453,35.038208,36.187054,73.17977,77.447876,70.41923,69.72362,71.95701,72.159294,65.48101,71.78155,76.05446,74.72567,25.889587,27.318342,25.73408,25.497526,26.141504,26.469349,24.302292,26.407688,26.541662,26.433867,54.340405,54.88847,52.153053,52.178425,53.760567,53.984097,47.8814,54.368725,54.200813,53.131203,23.415857,24.01579,23.12354,22.759336,23.40058,23.85182,22.121166,23.72817,23.668732,23.401392,42.2779,42.983902,41.42955,40.867153,42.53166,43.83381,40.385483,43.75388,42.821423,41.613564,21.122215,21.750969,20.86116,20.5561,21.138025,21.757574,20.785212,21.667892,21.462025,20.645775,24.169977,28.567808,30.298761,30.55518,30.54753,29.12712,29.24259,29.665735,32.11429,29.919104,7.8103447,9.429336,9.500793,9.145083,9.578837,9.326785,9.802714,9.623468,10.479884,9.403387,6.9140143,15.699221,17.41542,16.37565,17.434402,15.996576,17.817629,16.64216,19.317331,16.552242,4.074919,10.370774,10.786994,10.1151705,10.8918915,10.339812,11.319946,10.683572,12.866208,10.542673,7.6295753,28.559895,32.506184,31.361582,32.890053,29.707706,33.671844,30.580786,37.066147,31.34939,3.4423578,12.380784,13.034457,12.326363,13.237213,12.889264,14.184506,12.826517,15.645838,12.833808,3.776999,16.288137,15.92303,14.9917145,16.185974,15.244692,17.464605,15.888745,14.195197,16.203192,3.776999,16.288137,15.92303,14.9917145,16.185974,15.244692,17.464605,15.888745,14.195197,16.203192,3.0183465,13.026038,14.217127,12.983533,13.999806,13.079785,14.348703,13.899447,11.807186,15.237152,3.0183465,13.026038,14.217127,12.983533,13.999806,13.079785,14.348703,13.899447,11.807186,15.237152,4.7955446,21.462515,19.87654,19.441385,24.054771,20.29952,22.480665,20.766716,16.924803,23.898321
326.97858,378.97556,329.0088,328.10458,319.63867,338.4533,348.90942,350.05893,321.41708,373.58856,112.623184,126.63399,111.76068,112.67879,111.42223,115.39085,118.54378,120.01587,112.06736,125.83805,784.5422,890.6232,766.94904,782.6837,778.2096,809.7878,830.2885,844.58246,786.60596,889.5761,125.705894,138.15575,125.959656,125.68467,125.84597,128.8118,133.00113,132.01509,125.8271,137.18071,521.67737,566.0363,507.63718,515.41815,502.36594,527.6877,525.099,534.091,520.4772,556.55646,72.313774,74.738304,71.622,72.47927,70.439606,73.35442,71.73469,73.153305,71.33805,73.68359,363.03488,368.39517,357.86044,363.8676,350.20148,363.5099,353.43384,365.60782,351.35556,361.04175,61.63786,65.11532,60.517914,62.06056,59.649574,62.714657,59.612423,63.107185,60.279,63.59024,222.10942,238.57254,213.4459,220.71684,206.0232,224.93388,204.6367,225.90881,210.40787,225.23279,38.26843,40.747524,37.3573,37.992737,36.655514,38.200207,36.28848,38.813168,37.531235,38.95518,134.10112,146.6046,129.72668,131.71233,125.6521,131.79883,123.51021,134.59515,130.84285,135.89662,33.06416,35.74995,32.9741,33.15356,32.31543,33.44029,32.00785,33.77239,33.005867,33.863056,97.08921,108.988525,97.047516,98.68365,95.31797,100.488396,95.38952,100.42681,97.339554,102.58883,32.10999,35.5423,32.36257,32.14473,32.074017,33.143692,31.939215,33.47512,32.18148,33.976437,62.693794,74.44828,60.863514,64.67612,64.06705,68.28515,63.570168,67.91886,64.604256,69.79812,23.657183,26.095106,23.435385,23.845478,24.154251,24.950224,24.071466,24.83537,24.285051,24.915318,47.14857,53.983387,44.211304,47.69889,47.651165,50.22582,48.90937,50.412804,47.590855,50.78293,21.967566,23.392996,21.272924,21.739172,22.092686,22.817225,22.530247,22.720171,22.326199,22.440207,39.9577,43.57469,37.402355,39.393017,39.978275,42.005493,43.16919,42.524605,40.52853,40.954323,20.443903,21.578856,19.516994,19.885191,20.301847,20.973417,21.695408,21.07586,20.675505,20.094414,21.100336,26.647047,25.236649,26.984724,26.631048,25.660273,29.018665,26.885084,28.453556,27.424498,7.473392,9.143099,8.783946,8.636978,9.064107,8.87884,9.841214,9.228775,10.061393,9.016856,6.359704,15.108973,15.715652,15.23723,16.283249,15.028684,17.957022,15.835591,18.311922,15.767015,3.7373269,9.942462,10.10891,9.53012,10.359113,9.800002,11.045321,10.181525,12.4220295,10.036911,6.9284363,27.292068,30.477598,29.597382,31.357374,28.205612,32.888397,29.174194,35.67513,29.90741,2.9816473,11.591346,12.071549,11.35024,12.394364,12.038546,13.535271,11.990845,14.908051,11.9975815,3.0665255,15.326479,14.829699,13.884493,15.22865,14.215125,16.553953,14.92663,12.967526,15.2458315,3.0665255,15.326479,14.829699,13.884493,15.22865,14.215125,16.553953,14.92663,12.967526,15.2458315,2.530356,12.474325,13.387543,12.253726,13.356357,12.358092,13.79261,13.247416,10.959683,14.659189,2.530356,12.474325,13.387543,12.253726,13.356357,12.358092,13.79261,13.247416,10.959683,14.659189,4.2210155,21.91747,18.59552,18.348866,23.149916,19.266195,22.1963,20.242819,16.22125,24.09032
408.02124,461.75372,433.26242,450.40778,439.91415,442.42197,464.67343,453.24048,410.03424,443.48428,125.19387,137.52083,126.58231,130.19632,128.20193,130.67967,134.02657,133.6307,124.744385,133.99896,853.146,941.855,854.43225,880.2889,875.9088,890.853,915.5918,922.2965,854.4119,933.715,130.28076,141.26819,131.3419,132.20206,132.42744,133.71051,138.62256,136.9499,130.4314,140.18604,567.6501,599.3301,557.0617,564.3939,561.4288,565.6587,579.53125,579.9504,561.88477,606.4417,75.14739,77.09127,75.08111,75.916214,74.98442,76.11549,75.84872,76.761246,74.14546,77.24662,379.95453,385.01364,379.11255,384.96094,379.6563,380.36215,379.91443,387.15182,371.47144,388.53073,66.04498,68.6694,64.99158,66.506874,64.89986,66.6368,64.53539,67.68429,64.91866,68.06125,238.79141,252.17578,236.21558,242.80908,237.98033,238.82964,234.7657,246.3557,235.04143,251.33797,40.542957,42.74966,39.988888,40.48406,39.9136,40.34419,39.294403,41.406982,40.151997,41.6946,136.63855,146.57352,136.17981,138.30516,136.52249,136.40225,133.6818,140.40042,135.29546,141.9961,33.115734,35.664158,33.317253,33.17288,32.999374,33.32835,32.449978,33.943195,33.143364,33.95312,91.01208,102.225525,94.235435,92.728775,92.71911,93.42778,91.05193,95.49969,91.30084,94.92786,33.944794,37.108803,34.557762,34.01663,34.233944,34.970684,34.00926,35.322033,34.016468,35.664345,65.23092,74.87121,68.8104,69.50695,71.352196,72.92043,70.18564,72.30251,68.45569,70.5201,25.443502,27.612165,26.107101,25.911787,26.495483,26.990961,26.287949,26.799133,26.23297,26.47585,48.714436,55.2065,51.774952,51.363842,53.355732,54.06665,53.90109,53.825848,51.23837,51.29951,23.103535,24.819616,23.775822,23.478674,24.013342,24.597523,24.299704,24.342985,23.979855,23.782547,40.68176,45.513058,42.751446,41.80411,43.12597,44.93101,46.05141,44.77839,43.16572,42.4551,21.273848,22.794062,21.770721,21.387476,21.921041,22.653502,23.208103,22.48583,22.116652,21.44676,22.532475,28.768457,30.21713,29.953266,29.840998,28.547247,31.967627,29.412176,31.65094,29.987366,7.434307,9.647408,9.735897,9.230503,9.737011,9.49551,10.392453,9.710213,10.637309,9.629131,6.878569,16.39131,18.085592,16.642494,17.88749,16.43096,19.219818,17.092264,19.60257,17.281958,4.0879054,10.806348,11.212909,10.481318,11.282891,10.685626,11.8981695,11.017568,13.083796,10.982757,8.483901,30.03696,34.025246,32.457497,34.19682,30.838032,35.583626,31.795874,37.89414,32.84331,4.05955,13.218874,13.895719,13.169013,14.027465,13.620768,15.0513735,13.567929,16.278494,13.651596,4.5247917,17.146992,16.826283,15.892501,16.99474,16.098375,18.32398,16.704716,15.211313,17.044577,4.5247917,17.146992,16.826283,15.892501,16.99474,16.098375,18.32398,16.704716,15.211313,17.044577,3.5759907,13.649627,14.919792,13.612686,14.530246,13.656812,15.047897,14.416295,12.566062,15.805842,3.5759907,13.649627,14.919792,13.612686,14.530246,13.656812,15.047897,14.416295,12.566062,15.805842,5.645759,22.065739,20.96932,20.352716,24.49127,20.7383,23.836664,20.877733,17.971655,24.378138
377.5789,392.97958,343.6196,349.08643,335.49985,358.95605,360.22498,370.088,361.29965,396.07315,124.60136,132.39366,118.62766,119.88167,118.14817,123.00463,124.49282,127.13421,122.87376,133.50995,881.434,949.7173,842.8045,858.0293,851.99164,885.1393,896.6045,919.45685,876.65247,963.97363,137.022,144.57953,132.6435,133.08798,132.52168,136.10295,138.09387,139.11705,136.47075,145.12389,574.5955,596.0988,548.36615,556.31714,542.2952,563.2037,544.17523,567.56104,569.32587,592.5742,75.1697,75.974846,72.58981,73.539955,71.37788,74.30651,71.63139,74.45861,74.01177,75.5505,374.63232,373.70435,360.8627,367.03198,352.97873,366.05344,350.25583,370.46182,363.86377,370.82736,62.834442,65.13335,60.42875,61.96982,59.39225,62.456493,58.708157,63.285713,61.446896,64.157295,230.37999,238.06302,215.27444,224.15074,211.53152,227.42789,200.3781,232.3684,219.28577,231.91692,39.45683,41.192295,37.87698,38.586243,37.322548,38.681835,36.260826,39.623684,38.72532,39.869667,137.69441,143.85411,131.20195,133.36539,128.27635,133.20703,121.88981,137.96826,134.19849,137.88211,33.21872,35.146748,32.942738,32.912807,32.271584,33.134537,31.24333,33.71156,33.045937,33.529903,94.17655,102.02606,95.69552,94.56014,92.07906,96.126305,86.36426,96.97921,93.75974,95.85887,32.82728,35.610275,33.200794,32.720043,32.77518,33.758602,31.679468,34.059628,32.729343,34.204426,66.032196,72.655754,65.98516,66.65203,67.08068,71.21487,60.69015,70.9394,66.28677,68.0469,24.679943,26.389097,24.86561,24.703863,25.106506,25.895752,23.728022,25.71987,25.200512,25.17047,49.27555,52.435658,48.977833,49.132977,49.554016,52.605793,45.79733,51.901955,49.304413,48.224762,22.826456,23.809784,22.91265,22.517351,22.910086,23.7907,22.259281,23.47113,23.149017,22.633696,40.65423,43.487434,41.216,39.92278,40.898922,43.963356,40.981915,43.036434,41.3575,39.727062,21.214365,22.061815,21.103308,20.67761,21.153715,22.120903,21.499695,21.803762,21.428816,20.466879,22.142881,26.924866,28.353662,27.940266,27.84845,27.533646,27.928577,27.61025,29.498264,27.250925,7.7853885,9.439448,9.483726,9.032115,9.482777,9.347781,9.943677,9.565401,10.410866,9.294394,6.611093,15.558492,17.219845,15.9012575,17.014814,15.892203,17.972712,16.395422,18.988682,16.144033,3.9985833,10.34376,10.730702,10.005153,10.806472,10.322227,11.362561,10.610028,12.791445,10.435778,7.3951735,28.459778,32.333344,30.933859,32.57195,29.679981,33.772507,30.38086,36.78727,30.994379,3.3448408,12.299712,12.947642,12.183098,13.122772,12.828641,14.159818,12.717658,15.5454855,12.687688,3.6663606,16.216337,15.848708,14.882141,16.086302,15.188042,17.412968,15.803599,14.092551,16.09426,3.6663606,16.216337,15.848708,14.882141,16.086302,15.188042,17.412968,15.803599,14.092551,16.09426,2.9282153,13.019663,14.218431,12.902771,13.918262,13.093692,14.356311,13.841496,11.742923,15.142377,2.9282153,13.019663,14.218431,12.902771,13.918262,13.093692,14.356311,13.841496,11.742923,15.142377,4.630277,21.472403,19.954737,19.31804,23.883537,20.381449,22.68419,20.54256,16.743525,23.623627
466.6753,471.2207,433.2773,449.7841,436.2784,465.2942,455.85406,447.03784,439.6616,442.0078,138.59753,145.44295,134.2982,136.75563,135.4619,139.50517,140.93431,140.06262,135.94177,141.415,935.08203,1000.0768,914.6422,929.58966,930.2874,954.1787,973.9365,970.27893,931.0273,988.87756,143.97343,151.38725,142.03886,142.57597,142.73555,145.08324,148.43224,146.76549,143.44922,149.83232,582.81256,596.4473,574.1997,579.3127,572.99896,583.16846,583.61224,587.73987,579.72675,594.0151,75.31264,76.18174,74.418106,75.00829,73.8968,75.76062,74.85873,75.856606,74.05122,75.43717,373.04474,369.88135,367.3868,371.55624,362.48715,370.51212,365.12146,374.05313,361.07355,366.67285,69.30249,71.07461,68.20833,69.345795,67.71088,69.881874,67.491455,70.3846,68.14948,70.11216,252.42471,249.27534,250.65665,255.39563,250.1333,254.2369,244.6868,256.30487,245.73087,245.31749,43.241062,43.934116,42.60079,42.87875,42.343647,42.99476,41.693558,43.610867,42.718315,42.822205,147.67332,145.1171,146.74283,146.6703,144.60295,146.57088,142.67961,148.3156,144.87245,141.18933,36.333347,37.2207,36.53279,36.268456,36.09621,36.55417,35.54853,36.916454,36.30247,35.903484,102.74221,103.31783,106.67767,104.10366,103.69981,105.35266,101.62662,106.49752,103.05312,99.41906,38.632305,39.64323,39.268642,38.82199,38.933876,39.646877,38.562317,39.814533,38.609196,38.9295,81.13938,75.90879,84.62179,85.57914,87.11761,88.258255,84.80584,86.59777,83.919044,77.08185,30.07456,29.515461,30.704779,30.560516,30.97705,31.42006,30.555836,31.19167,30.456776,29.47561,68.499466,58.896065,69.72261,69.46273,70.26924,70.56136,70.4651,70.43776,66.64153,61.028053,27.899847,27.33711,28.1442,27.874542,28.161121,28.720362,28.415266,28.479893,28.090567,27.238922,51.943123,48.525543,51.99704,51.834167,52.078674,53.517056,55.080616,53.51009,52.367226,49.27313,24.98461,24.847406,25.064775,24.824041,25.106113,25.770014,26.189558,25.64239,25.388466,24.36533,29.309149,31.892508,35.575386,35.959034,35.41814,33.30292,36.790226,34.671577,37.465992,34.918713,8.904426,10.505562,10.715309,10.343758,10.740801,10.460077,11.2369,10.767203,11.55213,10.616553,8.054898,17.133127,18.977646,17.783829,18.862303,17.282248,19.972422,18.115616,20.702684,18.194223,4.793805,11.3325815,11.793832,11.1402235,11.862324,11.257122,12.398452,11.626683,13.583183,11.559164,9.904335,31.545645,35.529278,34.335777,35.760475,32.388996,36.923794,33.43216,39.406105,34.428616,4.8723397,14.046022,14.753934,14.131767,14.867679,14.451779,15.8046465,14.438697,17.041876,14.508005,5.529152,18.106054,17.833307,16.961506,17.942938,17.0852,19.2448,17.672958,16.360897,17.99751,5.529152,18.106054,17.833307,16.961506,17.942938,17.0852,19.2448,17.672958,16.360897,17.99751,4.319116,14.296867,15.606493,14.379148,15.16747,14.3379545,15.676206,15.097913,13.414637,16.462774,4.319116,14.296867,15.606493,14.379148,15.16747,14.3379545,15.676206,15.097913,13.414637,16.462774,6.651996,22.427216,21.752167,21.467617,25.179842,21.535692,24.386976,21.623053,19.091154,24.860056
